{
    "name": "concat",
    "version": "1.0.0",
    "title": "Concat Activity",
    "author": "TIBCO Software Inc.",
    "type": "flogo:activity",
     
    "display": {
       "category": "TIBCO",
       "visible": true,
       "smallIcon": "concat-small-icon.png",
       "largeIcon": "concat-large-icon.png",
       "description": "This activity returns concatenation of two strings"
    },
 
    "ref": "github.com/TIBCOSoftware/tci/examples/TIBCO/activity/concat",
    "inputs": [
           {
            "name": "firstString",
            "type": "string",
            "required": true
           },
           {
            "name": "secondString",
            "type": "string",
            "required": true
           },
           {
            "name": "useSeparator",
            "type": "boolean",
            "required": true,
            "display": {
               "name": "Use Separator",
               "description": "Use separator for concatenation"
            },
            "value": false
           },
           {
            "name": "separator",
            "type": "string",
            "required": true,
            "display": {
               "name": "Separator",
               "type": "dropdown",
               "selection": "single",
               "description": "Select a separator for concatenation",
               "visible": false
            },
            "allowed":[]
           }
    ],
  
    "outputs": [
           {
            "name": "result",
            "type": "string"
          }
    ]
}